[
  {
    "event_name": "暖场、观众入场",
    "event_description": null,
    "delta_time": 5400,
    "children": [],
    "event_tasks": [
      {
        "event_task_name": "人员/\n乐队: 大屏关，中间演唱会海报，两侧暖场视频，播放观演须知"
      },
      {
        "event_task_name": "表演区域/动线: 大屏关，中间演唱会海报，两侧暖场视频，播放观演须知"
      },
      {
        "event_task_name": "表演区域/动线 / 艺人升降: 大屏关，中间演唱会海报，两侧暖场视频，播放观演须知"
      },
      {
        "event_task_name": "音频乐队: 大屏关，中间演唱会海报，两侧暖场视频，播放观演须知"
      },
      {
        "event_task_name": "视频: 大屏关，中间演唱会海报，两侧暖场视频，播放观演须知"
      },
      {
        "event_task_name": "机械 / 卷帘屏: 大屏关，中间演唱会海报，两侧暖场视频，播放观演须知"
      },
      {
        "event_task_name": "机械 / 传送带6+模块升降: 大屏关，中间演唱会海报，两侧暖场视频，播放观演须知"
      },
      {
        "event_task_name": "机械 / 乐队平台: 大屏关，中间演唱会海报，两侧暖场视频，播放观演须知"
      },
      {
        "event_task_name": "特效: 大屏关，中间演唱会海报，两侧暖场视频，播放观演须知"
      },
      {
        "event_task_name": "灯光\n激光: 大屏关，中间演唱会海报，两侧暖场视频，播放观演须知"
      },
      {
        "event_task_name": "道具/装置: 大屏关，中间演唱会海报，两侧暖场视频，播放观演须知"
      },
      {
        "event_task_name": "调度/舞台备注: 大屏关，中间演唱会海报，两侧暖场视频，播放观演须知"
      }
    ]
  },
  {
    "event_name": "PART 1 现代都市",
    "event_description": null,
    "delta_time": null,
    "children": [
      {
        "event_name": "开场【VCR1】",
        "event_description": null,
        "delta_time": 121,
        "children": [],
        "event_tasks": [
          {
            "event_task_name": "表演区域/动线: 18点 58分\n单杆升降S/B"
          },
          {
            "event_task_name": "表演区域/动线 / 艺人升降: 8 单杆升起3mS/B"
          },
          {
            "event_task_name": "视频: VCR"
          },
          {
            "event_task_name": "机械 / 卷帘屏: 关"
          },
          {
            "event_task_name": "机械 / 乐队平台: 9乐队平台3m"
          },
          {
            "event_task_name": "调度/舞台备注: 艺人8单杆升降候场"
          }
        ]
      },
      {
        "event_name": "开场+\n《J-U-M-P》",
        "event_description": null,
        "delta_time": 213,
        "children": [],
        "event_tasks": [
          {
            "event_task_name": "人员/\n乐队: 舞团20"
          },
          {
            "event_task_name": "表演区域/动线: 主舞台-圆台"
          },
          {
            "event_task_name": "表演区域/动线 / 艺人升降: 00:47-8单杆下降"
          },
          {
            "event_task_name": "机械 / 卷帘屏: 00:37 打开瞳孔\n艺人走出后关闭"
          },
          {
            "event_task_name": "机械 / 传送带6+模块升降: 00:50-01:45\n传送带运行"
          },
          {
            "event_task_name": "机械 / 乐队平台: 00:47-乐队平台下降至1m"
          },
          {
            "event_task_name": "特效: 水雾、烟机"
          },
          {
            "event_task_name": "灯光\n激光: 00:18-00:50激光"
          },
          {
            "event_task_name": "道具/装置: 办公椅*12\n电视头套*12"
          }
        ]
      },
      {
        "event_name": "《别醒来WakeUp!》",
        "event_description": null,
        "delta_time": 203,
        "children": [],
        "event_tasks": [
          {
            "event_task_name": "人员/\n乐队: 舞团20"
          },
          {
            "event_task_name": "表演区域/动线: 圆台-主舞台"
          },
          {
            "event_task_name": "表演区域/动线 / 艺人升降: 06:26-1艺人升降升2m"
          },
          {
            "event_task_name": "机械 / 卷帘屏: 关"
          },
          {
            "event_task_name": "道具/装置: 办公椅*12\n电视头套*12"
          },
          {
            "event_task_name": "调度/舞台备注: 建鹏老师圆台升降候场"
          }
        ]
      },
      {
        "event_name": "《叛逆的缪斯》",
        "event_description": null,
        "delta_time": 288,
        "children": [],
        "event_tasks": [
          {
            "event_task_name": "人员/\n乐队: 建鹏"
          },
          {
            "event_task_name": "表演区域/动线: 主舞台-圆台"
          },
          {
            "event_task_name": "表演区域/动线 / 艺人升降: 01:33-1艺人升降降平\n建鹏圆台升降出场（时间待定）"
          },
          {
            "event_task_name": "机械 / 卷帘屏: 关"
          },
          {
            "event_task_name": "机械 / 传送带6+模块升降: 00:04-00:20，\n后-前\n01:49-02:40，\n后-前"
          }
        ]
      },
      {
        "event_name": "《身体不说谎》",
        "event_description": null,
        "delta_time": 186,
        "children": [],
        "event_tasks": [
          {
            "event_task_name": "人员/\n乐队: 舞团20"
          },
          {
            "event_task_name": "表演区域/动线: 圆台-通道"
          },
          {
            "event_task_name": "视频: 观众互动"
          },
          {
            "event_task_name": "机械 / 卷帘屏: 关"
          },
          {
            "event_task_name": "机械 / 传送带6+模块升降: 00:11-00:26\n前-后"
          },
          {
            "event_task_name": "特效: 01:35-彩炮"
          }
        ]
      },
      {
        "event_name": "Talking 1",
        "event_description": null,
        "delta_time": 300,
        "children": [],
        "event_tasks": [
          {
            "event_task_name": "表演区域/动线: 通道-主舞台"
          },
          {
            "event_task_name": "机械 / 卷帘屏: 关"
          },
          {
            "event_task_name": "机械 / 乐队平台: 9乐队平台3m"
          }
        ]
      },
      {
        "event_name": "《高山低谷》",
        "event_description": null,
        "delta_time": 263,
        "children": [],
        "event_tasks": [
          {
            "event_task_name": "表演区域/动线: 主舞台"
          },
          {
            "event_task_name": "表演区域/动线 / 艺人升降: 03:51 1艺人升降退场"
          },
          {
            "event_task_name": "机械 / 卷帘屏: 音乐起，屏幕打开\n03：55，关闭"
          },
          {
            "event_task_name": "调度/舞台备注: 艺人换装点1\n预计换装时间：\n2'39（+30 ”）"
          }
        ]
      }
    ],
    "event_tasks": []
  }
]