{
	"pages": [ //pages数组中第一项表示应用启动页，参考：https://uniapp.dcloud.io/collocation/pages
		{
			"path": "pages/index/index",
			"style": {
				"navigationBarTitleText": "首页"
			}
		},
		{
			"path": "pages/auth/Login",
			"style": {
				"navigationBarTitleText": "登录"
			}
		},
		{
			"path": "pages/auth/Register",
			"style": {
				"navigationBarTitleText": "注册"
			}
		},
		{
			"path": "pages/auth/ForgetPassword",
			"style": {
				"navigationBarTitleText": "忘记密码"
			}
		},
		{
			"path": "pages/auth/Profile",
			"style": {
				"navigationBarTitleText": "个人信息"
			}
		},
		{
			"path": "pages/auth/ChangeEmail",
			"style": {
				"navigationBarTitleText": "修改邮箱"
			}
		},
		{
			"path": "pages/auth/ChangePassword",
			"style": {
				"navigationBarTitleText": "修改密码"
			}
		},
		{
			"path": "pages/user/center",
			"style": {
				"navigationBarTitleText": "个人中心"
			}
		},
		{
			"path": "pages/manage/index",
			"style": {
				"navigationBarTitleText": "工作台"
			}
		},
		{
			"path": "pages/manage/create/activity",
			"style": {
				"navigationBarTitleText": "创建活动"
			}
		},
		{
			"path": "pages/manage/create/organization",
			"style": {
				"navigationBarTitleText": "创建组织"
			}
		},
		{
			"path": "pages/activity/index",
			"style": {
				"navigationBarTitleText": "活动管理"
			}
		},
		{
			"path": "pages/activity/resource",
			"style": {
				"navigationBarTitleText": ""
			}
		},
		{
			"path": "pages/index/activity/index",
			"style": {
				"navigationBarTitleText": "活动状态"
			}
		},
		{
			"path": "pages/recruit/index",
			"style": {
				"navigationBarTitleText": "导演大厅"
			}
		}
	],
	"globalStyle": {
		"navigationBarTextStyle": "black",
		"navigationBarTitleText": "uni-app",
		"navigationBarBackgroundColor": "#F8F8F8",
		"backgroundColor": "#F8F8F8"
	},
	"uniIdRouter": {},
	"tabBar": {
		"selectedColor": "#0b7dda",
		"color": "#333",
		"list": [{
				"text": "首页",
				"pagePath": "pages/index/index",
				"iconPath": "/static/logo.png"
			},
			{
				"text": "管理",
				"pagePath": "pages/manage/index",
				"iconPath": "/static/logo.png"
			},
			{
				"text": "导演大厅",
				"pagePath": "pages/recruit/index",
				"iconPath": "/static/logo.png"
			},
			{
				"text": "我的",
				"pagePath": "pages/user/center",
				"iconPath": "/static/logo.png"
			}
		]
	}
}